category,genome/assembly,orf,HMM,bitscore,bitscore_cutoff,clusterID,heme_binding_motifs,protein_sequence
iron_aquisition-iron_transport,Streptococcus_mutans.txt,NC_004350.2_152,YfeB-family-membrane-proteins,179.1,50.9,1,0,MLKIENLSVSYRDHLALENVSLEIPSSTITGIIGPNGAGKSTLFKGVLNMVDHEGTSFIDGKILSQNLGSISYVEQKADIDYNFPIKVKECVSLGLFSKVKPFSNLKKQDWQCVQEALSQVDLADYANRQISQLSGGQFQRMLLARCLVQDADYIFLDEPFVGIDIISEELIVGLLQKLKKEGKTILIIHHDLSKVKTYFDHVLLLNKKVLAFGQTETVFTQKNLTKTYQSQFLMAGDAS*
iron_aquisition-iron_transport,Streptococcus_mutans.txt,NC_004350.2_154,YfeA-family-iron-binding-proteins,223.9,46.6,1,0,MKKLSLLLLVCLSLLGLFACTSKKTADKKLTVVATNSIIADITKNIAGNKVVLHSIVPVGRDPHEYEPLPEDVKKTSQADVIFYNGINLENGGNAWFTKLVKNAHKKTDKDYFAVSDSVKTIYLENAKEKGKEDPHAWLDLKNGIIYAKNIMKRLSEKDPKNKSYYQKNFQAYSAKLEKLHKVAKEKISRIPTEKKMIVTSEGCFKYFSKAYDIPSAYIWEINTEEEGTPNQIKALVKKLRKSRVSALFVESSVDDRPMKTVSKDTGIPIAAKIFTDSVAKKGQAGDSYYAMMKWNIDKIANGLSQ*
iron_gene_regulation,Streptococcus_mutans.txt,NC_004350.2_155,PF02742-Iron_dependent_repressor-dtxR_family_metal_binding_domain,101.9,20.7,1,0,MTPNKEDYLKIIYELSERDEKISNKQIAEKMSVSAPAVSEMVKKLLLEDLVLKDKQAGYLLTKKGQILASSLYRKHRLIEVFLMNHLNYTADEIHEEAEVLEHTVSDVFVERLDKFLNYPKVCPHGGTIPQHGQPLVERYRTTLKGVTEMGVYLLKRVQDNFQLLKYMEQHHLKIGDELRLLEYDAFAGAYTIEKDGEQLQVTSAVASQIYIEKKAY*
##########################################################################################################################################################################################################
iron_storage,Streptococcus_mutans.txt,NC_004350.2_472,PF00210-Ferritin_like_domain,79.1,44,4,0,MTNTITENIYASIIHQVEKKENSGNEKTKAVLNQAVADLSKATSIVHQVHWYMRGSGFLYLHPKMDELMDALNGHLDEISERLITIGGAPFSTLKEFDENSRLEETVGTWDKSITDHLKRLVQVYDYLSSLYQVGLDVTDEEGDAVSNDIFTAAQTEAQKTIWMLQAELGQAPGL*
##########################################################################################################################################################################################################
iron_aquisition-iron_transport,Streptococcus_mutans.txt,NC_004350.2_498,FeoA-family-iron-transporter,66.8,21,5,0,MILQDARIDVPYTVVSINLPEDSVRHLSNLGLKVGSRLELISKTKSSAIVMLKSSRLAFDDSILSKIDVSESQETVETLPLSELEVGQFAYIDNIFAVNEAKRRLMDMGLTRHTKIYLRKVAPLGDPIEISLRGYELTLRKSEAQMISVVKIDNQEEK*
iron_aquisition-iron_transport,Streptococcus_mutans.txt,NC_004350.2_499,FeoB-family-iron-transporter,214.5,120.4,5,0,MTEIALIGNPNSGKTSLFNLLTGTSQRVGNWPGVTVERKSGNVKKLKEISVQDLPGIYSMSPYSPEEKVARDYLLSNHADSILNVVDATNLERNLYLTTQLIETGIPVTIALNMSDVLKNQGKSINSDKLAYQMGVPVVATSALKNTGVDKAVKKASQTTKGSVDSVQYPTYDAKFEAAIAQIIEVLGQTVPERSSRFYAIKLFERDRLVEEELDLSPFQKKEIKDIIQITEEVFTEDSESIVINQRYAFIERVSQMAQSQDNDFKMSASDKIDKIVTNRVLALPIFAVVMFLVYYLSIQTVGTMGTDWVNDILFGKYVPEFVTGVLEALKVQAWLQSLIIDGVVAGVGTVLGFLPQIFVLFICLGILEDIGYMSRIAFVMDRIFRRFGLSGKSFIPMLISTGCGVPGIMASRTIENERDRRITIMTTTFMPCSAKLSVIALIAGAFFPHNPWIAPSAYFMGMIAIILSGIALKKTSFLGGYTSPFIMELPSYHLPKVDAVLRYAFGKAMSFVKRAGTIIFSLTVLIWFMSSYNFTLHSVDTENSILASLGRLLAWIFTPLGFGNWKATVAALTGLAAKETVVATFGILYNNPDATETTHSLWVSLQGDYTALAAYSFLTFNLLCAPCFASIGAIKREMGNLKWTLVAIAYQTGLAYLVSLIIYQLGLVAFYGKPVTLWTGLALVLLLVMLYFIIRKPRQVKEKVITLDNLSLSHN*
##########################################################################################################################################################################################################
iron_aquisition-siderophore_transport,Streptococcus_mutans.txt,NC_004350.2_876,FpvE-family-permease,209.1,25.8,11,0,MKKVLTVPVLGAAAVFLSLVSIFIGVKSLSLFELGSLDDSQLNILLSSRIPRTVSILIAGSSLAVCGLIMQQLTQNKFVSPTTAGTMDWAKLGVVVTIILFSKSSLLLQLIISSVFVIFGSLFFIYLLKVIKFKDDVFIPLVGLMLGKVVSAISTFLGVQFQILQSVNSWLEGHFSIMTSHRYEILFLVLPCMVLIYLYAHQFTIAGLGEDFSKNLGLNYQFIINLGLVLVSVMTAIIVTVVGSLPFLGLIVPNSISAIKGDNMKNNLILTSFLGAVIVLICDIFGRLIIFPYEVSIGLTMGIIGSIFFLYFLMKGRRRS*
iron_aquisition-siderophore_transport,Streptococcus_mutans.txt,NC_004350.2_877,FpvE-family-permease,183.3,25.8,11,0,MILTFKQKLWLILVLVITLSALYLLYGIGPDVNKFLIIYMVNSRYKRLLAILLTAVCVGASTLIFQTISNNRILTPSIIGLDSVYVFIQTIMLFFLGSQQTLKISALSNYCLSLLIMVGFAFFLFKVLFKQQEYSIYFVLLCGLVLNTLFSSLSSFFQMLIDPNDFLILQTNLFASFNAINTKLLWVSLIIVVFVLLISWTSLRKLDVLLLGKDVAISLGLDYDLLVMKFFILVSILISVSTALVGPITFLGLLVVNLAYHIFPTYRHSILLPASILIGMLALVGGQIIVQYVLTLETQLSVILNFIGGIYFILILLKESKDK*
iron_aquisition-siderophore_transport,Streptococcus_mutans.txt,NC_004350.2_878,PvuE-family-ATP-binding-protein,273.7,269.5,11,0,MISVKNIIKHYQRKPVLNDLTVNIEKGKITAIIGSNGSGKSTFLSIMSRLIEGDSGQVLLDKKALKSFNNNDLAKRLAILRQTNYINLKIRVAELVAFGRFPHHQGRLTQNDQDKITQALAYMELEEIKDRFLDELSGGQLQRAFIAMILAQDTDYILLDEPLNNLDMKHSVQIMQILRRLVKDFNKTIILVIHDINFASCYADNIVALKEGKIIANGNVDEVVKEEVLSKIYDMPIKIETYQGRKICNYFDPQEQIHCETAHKLLSK*
iron_aquisition-siderophore_transport,Streptococcus_mutans.txt,NC_004350.2_879,HatD-family-substrate-binding-protein,118.9,27.5,11,0,MKPFKNLFAAFLLVIFAFTFTSKAFAADKTVKVENNYAIKSEDKKSNPKMVNETVTVKKNPQKVVVYDLGALDTITALGKEKNVVAIPKSQHGLNMLNKDMKKIYSAKKYQNAGSLFEPDFETIAKLQPDLIIISGRSATSKNIEELKKAAPKAAIVYGSASMDANLMTGVKEKAITFGKIFGKEKKAKAYNKELDQSLKKLKTKVNHLKNPSALFVIANSGELLSQSPKGRFGWIFKELGFKAVNEGDKVSTHGSPVSYEYISEKNPQYLFVLDRGATIGQDASADKILQNDVIKDTNAIKNNHVLQVNGKNWYLNTGGIRTTKAMIKEVQSFIDKK*
##########################################################################################################################################################################################################
iron_gene_regulation,Streptococcus_mutans.txt,NC_004350.2_1412,Sid_YqjI_regulator_for_YqjH_P64588_Escherichia_coli_180606,23.9,20,17,0,MQGKDIILGILSKKERSGYEINDILQNQLSYFYDGTYGMIYPTLRKLEKDGKITKEVVIQDGRPNKNIYAITESGKKELASYLQSDVNDEIFKSDFLMRLFFGNSLNDDDLEQLIREEIERKEEKIKRLSENLEIWKKKGELTPTQEITIKYGLAQYKSTKKVLEEELAK*
##########################################################################################################################################################################################################
iron_aquisition-siderophore_transport,Acidithiobacillus_ferrooxidans.txt,643348633_64,ExbB-family,127.8,22.3,22,0,MDPHSIANTAQSLSLGHLVMNASWVVQGILAILMIASVISWTIIFQKWAIFAAAQRALERFEKRFWSGGEMSQIYQHVSGNANLETGAGSIFCAGYEEFQRQRNKIRPSDALDAARRAMRVAQMREVGRLENNLAFLASVSSVSPFIGLFGTVWGIMTAFMNIGMAGQATLATVAPPVAEALIATAAGLFAAIPATAAYNRYIHQLDKLDAQYEVFMDEFTNILHRQVPETKP*
iron_aquisition-siderophore_transport,Acidithiobacillus_ferrooxidans.txt,643348633_65,ExbD-family,78.6,32.7,22,0,MKRRRLMAEMNVVPYIDVSLVLLVIFMLSAPLLTQGVNVNLPKGVTKPVSDKIPPVLISVTRQGAISVQYKGHHSAVALDDLATAVGHIAAASHDQVQVLVGGDAHVDYGKVMAVMARLQEAGISHVGLLTRPEGH*
iron_aquisition-siderophore_transport,Acidithiobacillus_ferrooxidans.txt,643348633_66,TonB-family,42.6,21.8,22,0,MKKRKSAWPLVLAIVLNGAILLALFWSYHINVPEAGGTPMQAQLSGGMPAAPVPQPVPKPAPVPQPAPAPVPKPAPVPKPKPAAPPQPSAAQIAAEKAAQQKAAEQKAAQITAEKHAAEKQAEKLAAQRAAEKAAAEKAAAQKAAAQKAAAEKAAAEKQAAQKAAAAQRAAELKRQLARQQAKAAEAARAKALQQQMEAGAKLRAEANMAAARAQQAAENQRMLGMLINTIKTRVSEKWSTNFSPALSCVLQIHLGPQGQLLGAPVVVRSSGNPGFDRSVIAAVEAAAPFVPPIGLAYSTFNQPINLKMNAEDLNHG*
##########################################################################################################################################################################################################
iron_aquisition-siderophore_transport,Acidithiobacillus_ferrooxidans.txt,643348633_458,ExbB-family,118.1,22.3,26,0,MQELLGLFKLGGFVLPILILAAIVALAIAGNRLWVLRRGRIAPRDLAPRVGELVDAGKVQQAVKVLYENDTPLARMMLVALQSAGQPRDVIKESVEETGRHEVAHLDRYLNFLGSIAGVAPLLGLLGTVFGIMHAFAAIGMVGAGDPKALASGIAEALITTASGLIVAIPSLMFYRYFKGRVDALVLSLEKEALKLVNQIAAGTEK*
iron_aquisition-siderophore_transport,Acidithiobacillus_ferrooxidans.txt,643348633_459,ExbD-family,114.8,32.7,26,0,MNLRQRVSEEPEINVISMVDIVLVLLLFFMVTSSFVHQSHLSMELPKAQQATAGEPKTPITIDLSAAGQVRMNKQVVPMSDLAGQLKALAAKDPERVIVLRADKNTTQQYVIDVLDAAQEAGLTRISFATLSNH*
##########################################################################################################################################################################################################
iron_aquisition-siderophore_transport,Acidithiobacillus_ferrooxidans.txt,643348633_723,PirA-family-siderophore-receptor,77.2,75.3,28,0,MNKSNKHLLRQSLLVATGLLGSSLLPVYAEVATPTPPPAKKVYKIKSVSKNLLRIVEKAALTQVKPVYGAETALIPQKFLEGQESTQNASTILSFVPGVNATSTNPIGVKTHISVRGFSQTQVGYTFDNLPIADLFNGGLSGGNNNYADLTNLIPVTLGETSGIRVTYGTPSPDINAVGAIGGNIDYLPKIPSAKRYESVFAGYGSFNTRSYGAEINTGANPGYGNLLLRFSSRQTAGYLDHSPDREYSYYAAYDLPQISPTSKWSVIFLLNKNQGATAARMPVALLQQYGPYYQWPLSVTYANGTAEHMMAIVQNKTLISSHAVFGFKGFYAFTNSNRLEYVNPSVNMPYNSFVTFYLNPAQTVCQYSGNDFAGNNSAACQAQTINGDNYHSYSYTTNTFGFNPSVEWLSHYVDLKVGGLGAFSLYHSQNYVYGSRNVPEVAGYNDLWNEHAWRLYGKLYAQAKIKPTRSLAITPGLKYETVSTHINDVPGYYYAVGASSGRSYGEVSPYAGIQYKPTKAVTLYANYAVGYKYPNITAFYAADSNATSTSPSTPVTIKPEQVNTYQFGVAYKHDGLDASISLYRSDFTHTFSSYYDTTTGLTYEYNIGSSSYQGINIATAYALDNYISIYGNYSLQDAHYTSNSSSAYGVATSIGEPRANTPTYLAGVGIEGHYMGTRARLYGNLVGPQYIEASTGAPTSISMPAYATMNFNLAHTFRIHRYGFKNVTFSLSGVNLLNSEASVLEKQFPYINNQPGNYLVAEPMMPRSFFGTVKIVF*
iron_aquisition-siderophore_transport,Acidithiobacillus_ferrooxidans.txt,643348633_725,ExbB-family,88.1,22.3,28,0,MISFSYLVHLANYSDGVLYILMFLLVVELAVIFDRAWYLRNAISRGKKILWGISARGKLRRPDLEDLVVLSKGLPEESLLGVALRHFNLIHHYGSARGEAFANRLDEAIFLTTPSLDKRLWILDTIVTLAPLLGLFGTILGMFHAFSILAAPGHNPASVTGGVADALIATASGLFIAMIGLLSFNAFNNAIEKTIFQLESLKVVLMNRLDGAPVVLEETAVSAPSSATASEMTA*
iron_aquisition-siderophore_transport,Acidithiobacillus_ferrooxidans.txt,643348633_726,ExbD-family,93.8,32.7,28,0,MLPQRRPRKKGRVEIIPMIDVMLFLLVFFIMITLQMITDKGLKLDLPTSSETKVLPHPHFVLNIVKDGGVVVKGKKMSLDQLQNFLVGDGDAKHTQVTIAADKMVPFKDFVHVMDACQKAGVTSIGIAAKPA*
iron_aquisition-siderophore_transport,Acidithiobacillus_ferrooxidans.txt,643348633_727,TonB-family,42.0,24.6,28,0,MTTTMPRATNYLLMPEPKERHFKYAVGGAVAVEVLLVLGLVWYGHSRPPINAVKPKDHVIAVQMMTLPQPPPKVLPKPLPKPVPPKPVLHHVTPPPPPPHPKMAIPPKLAPTPPAPPVKTATPPTQIPQSVATPAPKPLVTPPPAPPPMSAQQTASLMGRYVGLLRPMIQQNLHVPAELKAMGMSGKATVEFEISPTGQLLWAKIIQSSPLSAVNRAALAAVKDGGFPPFLKKMPKQNTVFQIDVEVGAGSS*
##########################################################################################################################################################################################################
iron_oxidation,Acidithiobacillus_ferrooxidans.txt,643348633_1312,Cyc2_repCluster2,333.6,27.8,30,1,MKIESRSSMQWKHKIRWATCATFMVGVAACSGNAWALPTFARQTGWSCATCHTSYPQLTPMGRMFKLLGYTSNNVQRQQKLEAKFGKSTALLLMRVSQFSIFFQASYANVAGGQAAFNGAGVSNPPGNQNDIQFPQQVSLFYAGEITPHIGAFLHLTYSGRGGFGMDDSDIRWAHPWNLGPDQLLITGVEVNNTPTEPDIYNTVPDWYAPFSSSKYSAIRQIPTTFIEGAHGAGYPLAGIGTYEAYIFGQDKANWLYFEADGYTNADGIGVQANSGGAFGYANDGRMQGVAPYVRLAYQRDWGNWNWEVGTYGMWSRLYDSPNTKGGPVDSFDDFDLDSQLQWLDTTDNSNVTLHADWIHEDQGFGAFGGPTSNLSSTATGHLNSLNINGSYWYHDHYGVSGGYLDTWGSANPDLWGTSYSHNGSPDTNGEWIEASYLPWWNTRFSLRYTMFNQFRGLTNSTATSFGASAYNTLELLTWISF*
iron_oxidation,Acidithiobacillus_ferrooxidans.txt,643348633_1313,Cyc1,176.9,98,30,2,MYPVLSSSRFAPSQKKGVICTAAVALAILSAGPALAQVPQSVHQSCMICHGQTGENTIYPMVPRLSGQQVQYLAWQLKQFKAHTRADQNAQIYMWPVAQAMSQKEIQSVAKYYAAQSPMHSASSPRPGVSAGKQIFLQGVAAQGVPACMACHAVNATGRGIFPRLAGQRYAYIVQQLTYLHDGNRVNPIMQPVAEKLTNRQMREVAAYLSGLH*
##########################################################################################################################################################################################################
iron_aquisition-siderophore_transport,Acidithiobacillus_ferrooxidans.txt,643348633_1365,PirA-family-siderophore-receptor,78.6,75.3,32,0,MQHFARTALYMSVASVLACVPSADADSALPKLGTVTVEGHQKNTLENPASGAEQGATISGHALDILGGAGQTNPYAAVSLLPSVMAQNPDPYGLANVPGGNKGIRIRGERNPHGGIGTVEGLPLSAVNPGPGEQFLFDMENIRSVTLLSAPFPSDKLAVFTTQGYLNSNVLWPRAKFGGEVDQSFGSYNFHRSFIRLDSGTLPTGTRVFISGSYTHADQWRGPGASPDYRYNGEIGISQDLGRTLSAKVYAAYGSMKENNYLPLTYTQASNLGQYYNLGYNSALTGNAANDVNYYGYNRQKFQDYAVFGELNWHPDDQNTLVIKPFYSQENGYYLQGLDNLGGKPGLRDWVIDHSLYGVVAQYDTQWNGNHFSVGYWFENLTPPGPPTDFKIYRLVNGQPVFGGYGLLARATADHVFNSPYFQWRRRVGPVTFTAGARYLMEQTPSFSVYNTAGIPDASYANALNLATSINPARSVEGRTFYQWLPYFSAVYAVNPDLDAVFAYGRNNGAPAFNNWPSVQMNIAAFQKAGVTAQRAWDQLAPETSNSFSLGLKWHEAAWYVNPTFFYATYRNKYVNAYDPLVGISYDQNAGVGRAWGFELAAGAKLWHRLSVFSNLAYDRAYFTQDLRTGSGAFLPVTGLQFPDTPRFIGSLGALYEYGRFSIAPTLQYMGSRYADTLHTQPLPGYLLANLNMGYHRRITHVGELTVNLSILNLFNRHYIGLIDSSYFSTAASGGASFYPGAPITVAGTIGLRF*
iron_aquisition-siderophore_transport,Acidithiobacillus_ferrooxidans.txt,643348633_1367,ExbB-family,89.6,22.3,32,0,MEILLHLAAVSGGILYLMPLLLLVVLFVALERGWALAMIRRKGDDLLRDLQDRKGRESLETELAKTPSCPQQAVFAAVLASHDLASGEAYAEEAMLTQATLLDRGLWILDTAVTLAPLLGLLGTIIGMFNAFQILGNPDTAPTAITGHVAEALVATATGLAIAIVGLVLFNGLQQRVRLVLHQMERIKVSTLNRLYRQPPSIRGDASVSLLARRGEI*
iron_aquisition-siderophore_transport,Acidithiobacillus_ferrooxidans.txt,643348633_1368,ExbD-family,91.1,32.7,32,0,MRYFEARKGRIEIIPMIDIMLFLLVFFIMITLRMIPASGISTRLPTSSSAQVLPRTPLVVELRSDGSLHFRDKTVSLSQLEQQLARNDLAHTQVILAGAKTVTLQQLVAVMDACRHAGISQMGIATRAGQP*
iron_aquisition-siderophore_transport,Acidithiobacillus_ferrooxidans.txt,643348633_1369,TonB-family,87.2,24.6,32,0,MSTLALPASPQPPRAVVFLLALMLEAGILAVLAVWMRASPPPTPVITPPMVVQLVSWPQTSATPQPAPHPPAPRPTASIPQKPVPTPPKLSPRPLREAKVPVRTPLSAPGALAAPAAPSTISRTPAPVTSAAATPAMPALPPSTPAPAAETRPSIPAYAHNPAPEYPQSARWDGEEGTVLLRVLVNVSGLPEKITLVRSSGYTSLDRAAEKAVRHWRFTPGTRDGKPVAMQVEVPIRFRLNDSN*
iron_aquisition-siderophore_transport,Acidithiobacillus_ferrooxidans.txt,643348633_1371,HatD-family-substrate-binding-protein,78.3,27.5,32,0,MARTMNILSMRLRFLFTVILTGIMGIASFQTATAQVVMDMSGQPVNIPQPLDKVFGSAPPVNALIYTLDPHLLAGWNLPLSPSQRKYLDPAARHLPVLGGWFGQGYNADIGTILQAHPDLIVFWYPYMGPQASVVSKLRALGLPVLNVKLHDLADYIQAYRLLGEAFHKQTRAENLIRYLSEKKDALQNLHTQIPEPNRVSVYYAGSPNGLRSGCDEAMPTATIQWADGENVFHCTINHFQGYQQVSMGQVLRWNPEVILSDNPIFLAQVYTNPAWAPLQAVRHHRVYYIPQQPFSWFNRLYSFMQILGAQWLAHKLYPQQFAFSDKDIQNFYQQFLGVKISDARLREIMQP*
iron_aquisition-siderophore_transport,Acidithiobacillus_ferrooxidans.txt,643348633_1372,FpvE-family-permease,260.7,25.8,32,0,MIRIWRLPILFVALLIISGGSLLIGRYPLPISSLWAAVSGANPLLHALLIHVRLPEILAAVMVGAALSVSGSAFQALFMNPLVSPSILGVLSGAAFGAALGIVLGLPWGLAQVISFGFGMLAVFIAIFISRLYPVNPVLMLVLGGIISGALFTALLTMVQYLANPYTQLPTIVYWLMGNLGGVRLSELRIMAIPILLAVLALTAFGKTMNVLSMGDEEARALGVSVHWARMLIIVMATIASALTVSLVGMIAWVGLIVPHIARFMVGPDNRVLIPASALTGGLFLVIADDISRTAFSVEIPLGVVTDLVGIIAFMLVLHRLRKGWTA*
iron_aquisition-siderophore_transport,Acidithiobacillus_ferrooxidans.txt,643348633_1373,PvuD-family-ATP-binding-protein,178.3,172,32,0,MRLSASHLAYAYDRRTVLEDVSLELHAGESVALLGANGSGKSTLIRLLLGIVQPLRGEIRVGDKPLSALSARERARRLAYVPQDHGAVFPFLVQDVVLMGRMPHQSWLGGARANDLTQVANALERLGIADLALRAYTELSGGQRQLVLIARALAQEAPILILDEPVTGLDYGNQHRLMAQIQDLARSGFAILQSSHYPEHALAAATRVILLKDGRVLADGPAEIVLCPEHMRALYGVDIEFVDVGDGRRVIVPCANKILPLVV*
iron_aquisition-siderophore_transport,Acidithiobacillus_ferrooxidans.txt,643348633_1374,PirA-family-siderophore-receptor,78.0,75.3,32,0,MMLHFKQPLISCHPLKVAIGLALTTVAAQQVAIADTPVLPMVQSTASHMGSTSGNSATAPYSSPLDSTQTEETITGQAISAMNPTGDFAQSLANLPNMNIVPTGNNGIDGSNIYMRGMDQSLINFTMDGIPINSPIGYGFYSNENLSPQYISAINVKPGPGSAATVGNANFAGTVAIHSVTPSSHFSATPFYGYGSFGTQSYGGVINSGEILGGIIPTKILLGATNTRSNGYFYNTQSHKYTFIFKSISQIGPGRLTLFFFQNNQTWNFYNGATKQETAEYGRRYSGNSADPGSPDYYGDNFKTFLNWQSYVKYAFHIGRLELSDQYYYFSGKGGGTFTQNNRAAPGGFYLATKLFPVHEFGNIFKARYPLGSGSLEAGVWADSDNETAFQYQSNLYNRFTGALVSAPVSQPVVTESVQPYVQGEWSPITTLRLTTGVKLLNLHRTWRDYVSKMERAANFNQWLPSFGVNYALQPNWHLYFNYTRSAEAPSSSQLTASYFNSGLQPEIANSYEAGTYWHQGAWGGRFTAFRTNFENYILSTPVVIGNQVFSTQSNAGAAIYQGLEFSNTYQITPWLSAFANFGILDARMTSKNQPALQAPHHTEAVGLNVKTAHWQGMLAVQQIGSRYYATGATGNSKLDGYVAGSLSVAYDTGELSLWKGYILPNLQISAHVNNLFNNDYALSASPSTSSAGAAYQLAQPINAFAEISTTF*
iron_aquisition-siderophore_transport,Acidithiobacillus_ferrooxidans.txt,643348633_1376,HatD-family-substrate-binding-protein,69.2,27.5,32,0,MFHTLPGKWRLPVAALGVSLLLSLPSWAATAPTRLPPHSVYGTAPPVTLLVYSLAPDLLAGWNFPLNKMAGLGMSTNSEYLLPATRNLPVLGGWDPGDKPELERVLAIHPKLALLWAPYLDNARLRSELQRIDVPTLAVNLKSLNDYPAAYRLLGDKLGQGARGELLATDFQNILNRLRQLRSSIPEARRQTVYYAEGVDGLMTDTANSPHTEVIRAAGGDNVFTGKATALKGMERVSMGQVLGWNPDVILVQDPVFYRRVYGLPAWQGLKAVKDHRVYLVPRQPFNWMDRPPSFMQGLGALWLAHVLYPQQSKIHLNQEIQDFFKTFLQKNVTKAQARSMWQP*
iron_aquisition-siderophore_transport,Acidithiobacillus_ferrooxidans.txt,643348633_1377,FpvE-family-permease,272.3,25.8,32,0,MPLLLVLLAGMVLLEMSWGHYPLSWLQFWQWLRGSPLLSPDKAVQIHLLMVEIRLPRLSVAILVGAALAASGTVFQAVFRNPLAAPDILGVMAGSAFGGALGIILGGPWWTIQVAAFIFGLIAVAMAYLIARHFPGQPTLMLVIGGILAGALFTALLSLVKYAADPYQQLPSIVFWLMGSLSNVPLRQIPYFALPVFIGISLLILQGHRLDALSLGDEEAHSLGLPVRQIRLLVIVLATLLAAMAVMMAGMIGWIGLIIPHLGRLMLGPGNRRLLLGSSILGAAYLLLADALARNLFSVDVPVGVFAELLGVPAFLLVLRQIRKAWV*
##########################################################################################################################################################################################################
iron_storage,Acidithiobacillus_ferrooxidans.txt,643348633_1547,PF00210-Ferritin_like_domain,69.3,44,33,0,MANDPRMTGYLTRALSAEMAAVQQYLTQASLTAMWQLKEYSSRFRRDAEEELGHAQQLIERMLILGIASNGTQLPPIRPGRSLEEMLLIDRGLEIDVIRLYEEAAHYCARMRAEELQALFAGLLQEELGHLRDLDHLLIEMHRGATS*
##########################################################################################################################################################################################################
iron_aquisition-siderophore_transport,Acidithiobacillus_ferrooxidans.txt,643348633_2083,TonB-family,40.5,24.6,37,0,MNTIVGSPTWTPPPLNTNKEHFGRALLVGAVLEALLVGGLIWVGSNTPPPKPVIKKIIAIHMVRPVPPKPKPVPPPPKPIVHPKPLPRPVPLPKPVVHQVPVPKPLIAKTPLPLAPVAPPRPPVVLPPPPPPAPSMAARQAALAEYAALVRAQVQADAHVPEAIRLMHLSGTAVITFRLAPSGRLQWAKISRSSGAGPIDRAALKSVKEGQYPPFSKDMPKHATNFTVEVHLSGRAS*
iron_aquisition-siderophore_transport,Acidithiobacillus_ferrooxidans.txt,643348633_2084,ExbD-family,97.8,32.7,37,0,MERRYFEQKKGRVEIIPMIDIMLFLLVFFIMITLQMIPDKGLSLQLPRSSQAQQLPRPHYTINIDKDGSVDVKGHHYDLDDLQKMLAGDGNPAKTQITIAADKGVPFQDFVHVMDRCQKAGVSDIGIAAKASG*
iron_aquisition-siderophore_transport,Acidithiobacillus_ferrooxidans.txt,643348633_2085,ExbB-family,101.3,22.3,37,0,MNLQYLIHLANYSDGVLYVLGALLLVELSVIVDRFWFLRRTILRGLIFVHELGSHGRLDRDTLNQMADGASDLPEAALLRMAASHHGQVKGEGLASRLEESVLVLAPQLDRRLWLLDTIITLAPLLGLFGTIIGMFHAFSVLATPGHAPTAVTGGVADALVATATGLFIAMLGLMAFNAFNNQVRQILLQLDSVKTMLLNRMDGQPMITPDNSDKQRSEMLSVARAS*
iron_aquisition-siderophore_transport,Acidithiobacillus_ferrooxidans.txt,643348633_2089,ExbB-family,96.1,22.3,37,0,MNTAYLIHLANYSDGVLYILAGLLVVALGVIVDRFWYLRRTILRGSLFVREIAQHGRLDRETLQRLADEAGDLPEAALLKTAVIHSGYVLGDPLASRLEESILIMAPQLDRRLWLLDTIITLAPLLGLFGTIIGMFHAFSVLTAPGHAPTAVTGGVADALVATATGLFVAMTGLVAFNAFNNQVRQILLQLDSVKTILLNSMDGHPMPDNRENILQAVAPKVASAVARAV*
iron_aquisition-siderophore_transport,Acidithiobacillus_ferrooxidans.txt,643348633_2091,TonB-family,45.1,24.6,37,0,MIGGLIYSHLSQPVTVKPKPKIMAIHMMKPAPPKPKPVPPPPKPVVHPKPVPKPVPRPPIPRPIPHPVVHHPLPPQPLLAKKAVPQAPVYTPPVTPPAPPPPPAPSPAARQSAINTYAAMLRTRVQANARVPDSVRMMHVSGTATISFRLTPSGHLLSAQVARSSGIGAIDRAALKAVEDTSFPPFIRKMPQHPMTFDVLVHLSAHGS*
##########################################################################################################################################################################################################
iron_aquisition-siderophore_transport,Acidithiobacillus_ferrooxidans.txt,643348633_2104,PirA-family-siderophore-receptor,28.3,21.1,38,0,MSQMKSSRKSLLIAWWASGALGAACIAFAHADDPGGKPAVNVGEVNGQAGGSTTDKKHRAKISMASPVQSVHISQAVIEEDTPPGGSMVEAIAANTPGFQARRTGTASGANRYQIRLNGIQIGFDETGQAEMNGNQVLMDGIPLNNPLASYHGFSTAELPIASMFSGINVVYGPGTAKQHWFDSMGGTIDFSTKSSGEKPSVFVDVGGGSFNAYNASTGISTGSIDGWRTYIAGGYTRTGQARVSPSLTGPSQSTAFFLKTQKRFEGGHFAMGFYFNNTQENRPHLIPVYPFAGGSINGNGVAGQALSQTTSGFYYTPSSDLWTKNEQYHTYLGYIKLTSNLTRNVKFNNALWYRAGNRLKVRIDNYPMVPKLNTEYYPTSSGNFGYRGDFTITLPWNKIDVGGYYQQTTYDSSFAGYGSLVPGHELGSNSPLYYRDDHDHWSAASAFLQDKITPVSFLSITPGLNLINYHISVNNVTSVTAPSLFPGDSVGSFPTVAGDTANFTKLAPSLALNAAIAPEIHAFATWSQNFQTQIDSAYGEGASHPVIAPTEPAKINSYMAGLKYAHGPVEGQVAFVHQKLTDLAVQITQAESQNIIVEPANETINGVNFLLAYGRRLGFNARLIGSILHGSENTINASGDPVNGARVTGLPTYNINFGIGYRVYAARTLWSARILDNYQSATYLSSDISAAPTSLKLPFSAVNLVNLSLSARTTMFDRDVPGLKLMRVSLMLDNLLNREYNVQGYVSAGGNYGPGSVGTILASPGTPRAVYASLTAMF*
iron_aquisition-siderophore_transport,Acidithiobacillus_ferrooxidans.txt,643348633_2106,PirA-family-siderophore-receptor,32.3,21.1,38,0,MIYLYIKPLSSAMIVAGLIITMTAVEQADAKTTINVGEVTGSADSTHSPLHKKLKKLDNKYTNKQVFRETQSAVVLGNKNKKMISPNAGAAELLATAPGVHIMSENPQNGSGRYNISINGMGVGWWSGNTYRNQISVLFDGIPMNNQITNDGQWNSNQIPILAMIHGVNVIYGPGNPKDRWYDSLGGTINFVPLQPTTKANAKANLSVGSYGSKTASFSLNTGHWYGWSTVLAGGYTSANSFYQSPSNWPQHSWSVYMKTAHPFSNGMFTFGFYYEKSNATHSLTIPVTPIAGYSVNGYGKPGQLLSQQTSGFYYVPSSDLWYKNDIVDSYILYSQQIFDLGGGWTLKNTPWYRHAYRLHQAYFNYGASSYNPEAAEHYAPTNNSFGDRLGANLHSHYNDVDLGGWLSYQQYNTNEELWNPLLGTSQSNPYVYNNVELNTLFSNLYVQDTIKLMNNHLRITPGVALASFYTSMSDLVNPDTKSIYLTATPGAKTNFTRFEPSLGINYKFLKNFSFYANYSETYQNETDLAYGAYLQKIAINPADIPITRAVDYEAGLRYHNNTTNIGINYYHDYLTNLLNGVSGSITQFNASGYNLGNAIYQGVNVYAKWRPMWQLYVYGSANIQHSYYTKDYNNSGVSFNGVRLSGIPHYSFNLSVSYKFRTRYGILEPVLTDQYSGGQSLYNNVTGGPTNQTINAYNIVNLSASYKTFVFNHIIPGAKETDFSVGVYNLLNRKYESDIYLSTGGYNPQEQPSLFAYAGAPLQVFGGVTVKF*
iron_aquisition-siderophore_transport,Acidithiobacillus_ferrooxidans.txt,643348633_2111,PirA-family-siderophore-receptor,78.1,75.3,38,0,MTKMHSTALRNAVAFAVFTLGSGAAFAADESLGTVTGTAGAANNFFGSAPAGNVGQTPSEDLKKIQRFKKGATNAETLITKGQFDLITPTDSYTQALRNMPNTLVVSGGDSMDGDDIYINGFGKNLINFTLDGIPLNDNDSYTFYSNEFIPSRLISGTRYYPGAESAAIPGLSSFGGSVETYSLQPSPYPFVRPLAGVGSFGKYNAGGLINTGLFLRNIAPTSAWVYFNKNQRDGYFQNNPAVQNQFLFKSVSQIGPGQLTLFFSQNNQRFNYYNGATAAQIAQYGRDYNSNTDQPFLANGKPNTAYTGYNYNQYLNWLSYAKYKAQFSSVKFSNQFYYYYGNGFSAGASTFSQTVLAPNGSIIHAAPPSNGVLQRHSVNQTDRWGNILRMRFPLGPVATELGFWFNHNDTTHDSQYYNGNTYVGSSYLEPVVTDTYEPYVALTYQPMDSLKFSAGVKYLYATRDFRDDTALAQGKPGQFNATFRSLLPSLGVNYRILDNWHIYANFTQNSNPPGYNQFYTGTYNASLNPQKANTYDIGTVWDTGVWSGALDLFRVDFQNYILSTTVVLPGSAINQTVLANAGTAINQGISWQNNFVINDIFSAYANFGFLDARLKSAGKPFPYAPHHTEAAGLIVRYRGFRGSIGVNEIGNAYYALGGGFLPLGSRFYTDASLRYTFRNAPLGRSLGFKSVSAGLYLNNLFDRSYIQSYTGSSGNPNRKLNLPTNVYASLEATF*
iron_aquisition-siderophore_transport,Acidithiobacillus_ferrooxidans.txt,643348633_2112,ExbB-family,98.8,22.3,38,0,MNWTQIADVATMSGGILYLMPILLLIALTVSIERFLFLNRMVRLGNEAALAVEDLPNLQGRALAEIAEKSAFPFRAILERPVRFPHIKDSGRLSEILQEAVMRQVPVLDKRLWILDTIVTLAPLLGLLGTIIGMFHAFQVLNNAAQNPTLITGSVAEALLATAAGLIIAIVGLVAFNGLHNRMRYVVHQMETLRTMLINRLEGLDHSHALIHSEAQPLIYAAAEA*
iron_aquisition-siderophore_transport,Acidithiobacillus_ferrooxidans.txt,643348633_2113,ExbD-family,84.2,32.7,38,0,MQYLEMRKGRVEIIPMIDIMLFLLIFFIMVTIHMIPTQGLPAQMPGSSTARDLPKPKVVLTLRQSGAVETDGHTISLPDLEARLRQGDPAETQVTIAADKGADIQALVKVMDACRHAGVSAIGLAAKPE*
iron_aquisition-siderophore_transport,Acidithiobacillus_ferrooxidans.txt,643348633_2114,TonB-family,59.9,24.6,38,0,MTTALASPLFRPPEEGPLLRRALLAAVAVELLVIGNMAFFFRQEKPQSPSIPPMQLALIAPEPAKVIPPSPRPAAQPKATPKPMPKPVAKPLPRPVTQPVEAPRPATTAPSPLPAAPSLPSPVNAPPVQNANPVKSDPGPREDRAGEGQYAGRVAGEIEKHKVYPASAKELDMTGDVVLAYTISRQGSVMEASVLKSSGFKLLDEAALKALRASRFDAMTAGLWPGAPSKTFTTTVHFALDD*
iron_aquisition-siderophore_transport,Acidithiobacillus_ferrooxidans.txt,643348633_2115,PirA-family-siderophore-receptor,106.0,75.3,38,0,MKHIVTPRAIVKAILAATFIGPVPALADDPVKTDDISVFGQKETRQVLTMTRSELSEAPPGYSPLASLQKLPGVFFSSSDPLGNYEWGSRFSIRGFNQNQLGFTLDGLPLGDQSYSNNNGLSIGRAISQENISRVSVSEGASDTGTASTSNLGGSVQFFSVDPKNRFGVTLAETYGSANSSRTFLRLDTGDLGAHTKAFVSLLYSRADKWKGYGPQSEKQLNAKIVHFFGESKITAFVDLSRRDESDYADLSLDSQRRLGWNWDNYAPDFQRAANAAKGIFTGGVTSVDDAYYFARGLRNDELAYMNANLKLSAIARLDTTVYYHHNDGQGHWYTPYVPSPSGLPISIRTTEYGISRGGVISSLVARLHHHRLSTGFWYEYNKHQLTRNYYNITSGDINAYDHFLSNPIATAFLQQFDTTTWQFFAQDQATFFNDRLKVTLGVKSPHVNIDANSLVGNLAAGSISAQRGLLPQVGLNYQLTPAENVFFSYAQNMRAFQPGISGPFSTTQAAFNATSGSLKPETSQTVDIGIKTQRGNFQASLDAYLVNFDNRLLSISQCVGILGCPSTLANVGSVHTRGVEGAFQWSPVQDVTWYNSLTYTSSKYQSDYLDGTTLVRAAGKNVVDAPRLMFATQLAYEHAGFFGRLGAKYTGERYYTYTNDAKVPGYWLTDLSTGYRLRRVLGLQELRFQLNVTNLLNENYWATIGTNGFVSSDPQGQFWTLQNGAPRQVFGTVSGTF*
iron_aquisition-siderophore_transport,Acidithiobacillus_ferrooxidans.txt,643348633_2117,TonB-family,38.5,24.6,38,0,MQQALGLAFLVEILALAALFYSIHHQHPIQAALPPMQIALATPEPPAKPVTPPTPTPKPKTEEPPKPVLRKMAPKPHPQPTPTPPQRIKEMLPPSPLPSPVAAPPTQETPTPAPPSLSPVDPAVREDYLSQVKGAIQAAVHFPGVARMLGETSRVRVRFHLLHGHVSQIDILKKGAMGAFDEAALAAVRNARIPPPPATLAGKDFQLTVWVEFQLENG*
##########################################################################################################################################################################################################
iron_aquisition-iron_transport,Acidithiobacillus_ferrooxidans.txt,643348633_2310,FeoA-family-iron-transporter,35.8,21,39,0,MNSSIISPPEPLFIGDLRPGDHARVLEITGGKIMQQRLGMLGIRRDTLVRVVHGPGKRGAVLQVGGARVALGWGVIQRVRVAIIPTESPHTGEKT*
iron_aquisition-iron_transport,Acidithiobacillus_ferrooxidans.txt,643348633_2311,FeoB-family-iron-transporter,196.9,120.4,39,0,MSDCHGTPQRNPGSARLPVIALAGNPNCGKTTLFNLLTGAHQHVGNWPGVTVERRSGTMTLGRRKISVVDLPGIYSLMGGGGEDQRVARDFLLDSDIELIVNIVDASNLERHMALTAELLETGRPMVLVLNMVDEAEAHGLQVRSHELSAAMGIPVIPTVARKARSRISLMEALTQALDHPALGNMLDYGQLIEAALTALGTLLPGDPPAHRRFTALCLLEGNIDPADPKTQHALRQISSELAGTSDETPADLIMDRRFAWAQEMATIALHRQGPAGLRQKITDRLDRVVLNDWLGVPVFLAVLYLVFVVSFSGGNVFLDFFDQASAALLIHGVGHVLLGAGLPTWLVSIIAGGIGGGLNLVISFIPPIGLTFLFLAFLDDSGYMARAAYAMDRLMRRMSLPGNALVPMVIGFGCNVPAIMGSRIIEDPRGRILTVLMQPFMSCSARLTIYMAFAVVFFRSNGGQVVFALYVLGIIVALLTAWLLGKTALRGEVLPFVMELPPYRLPSFRSVFLQAWQRLKVFIFRVGRVIAVIGVVLFILPGIGWTDRGLRSTDIDHSLLAQGSRALVPIFEPMGIHQDNWPAISGLIAGAAAKEIVIGTLNGIYQRQNAADLMADYRDPDIAGQLLGAIKTIPANAVTFFTTLDDPLGLSAMDSTGTAEQASGAESATLQAIAAGFTPLSAFAYLVFVLLYVPCASTMGALRREVGWGWMSFSLLYGTGLAWSASTVIYQSGTFAKHPGYSAAWIAGVLAAFALLVVGLRLYGQRSDALSKPSQHRRASA*
iron_gene_regulation,Acidithiobacillus_ferrooxidans.txt,643348633_2312,PF09012_sub-FeoC_like_transcriptional_regulator,29.7,20.9,39,0,MKPLFAVREVLQKQGMASASQIAAELKLSVGLVEDMLMYWRRRDMVEQVSVGAREGCGRSCKSGACGSCGNTMTSSVQAYRWCDGNLLVEKLPCKGKME*
##########################################################################################################################################################################################################
iron_aquisition-siderophore_transport,Acidithiobacillus_ferrooxidans.txt,643348633_2761,PirA-family-siderophore-receptor,79.5,75.3,43,0,MPSKPSNPPVTVTHADHRVPKVSRLLFTAILFALYPALDAVAYASTANNSDVSKSTPTEKVVKLREIKKKYEKILVGERNIASAMSVIGPDQIKHSSSAESIYSLLKQTPSVNEYQQNIGPGTPVMTVRGVRMSQLAQTLDGIPMTDLLSGGQGAYLSNNIGTVISNGQISGIHVYPGVAPPDRGGFATVGGTVSYTTKTPPKKRYADIFTKVGSFSTDTYGFDASSGKIPGTDGLRVYTRLSQTQTDGYIQNTPARYTDFLFTAIKPYDYGLSKVTGTVIYNTAHGYMISAPNAVAQLDKYGIFYNYPLSEASTLQRNQYLTAILGDSTYINSHLVIGAKAFYIHKHSYLAGYLAPNLISESYPYQVNFNNPYSGYGPLPPTAASPGVIPHTYDPVAMFGSYPAGEAAQINISGNTTIGIAPKVNIFIPHNDITIGGLVAQETAGPGGGNYFYGTLDMPKIYGYNSYGNPSSPTNNKQQRTIYSGYLSDKINLLNNKLHIEPGVTITGVSTSNYVPVNQYGTPPQAYTLSNYDKEVLPYLGLSYDVTNKVIAYASYGKGARFAPVADYILGPSGSTTLAPGPETVNAYETGLRYVGKHLYLNFDGFLQNMHGMFSFYTNYLTGYSQYANIGEEQMKGLEFSGKYELNPEWTISGHVSYTNAQYMNSFSATVTPFEGQYGYVFAGNPLASVPNWLAGLRLGYHNHNFHAALMESYTGPQVTTYDLPPTESNPLLQDATTPNPGVKLAPYFLTNLQASYRVPIHQDHLSSITVSLNIDNLLDNHYYLHYYQAYKEYAFAGVGNPYAEAYPGMPRFIEVGLSGRFS*
iron_aquisition-siderophore_transport,Acidithiobacillus_ferrooxidans.txt,643348633_2765,TonB-family,44.8,24.6,43,0,MGDSTPPEVPDKPSRWSYQGQSKSFRYAIISALAVEISLVAGLILITHDHPTPKKTPEVISVKIVHLPPPPPPPPPPKVKPVPHPPKPVKIPVPVVHRPAPLPVKPPTPPPPPKQVVKTPPPPVKTPPPPPTPAPVYSGVGAYGSGARSQVRNHVHVSAIIKRLGLQGTVVVSFQLGPAGGKAKDVHVVGGSHNPLLRKAALAAVSNSTFPAFTSHMPPHTLSFTVPIDIS*
iron_aquisition-siderophore_transport,Acidithiobacillus_ferrooxidans.txt,643348633_2766,ExbB-family,87.5,22.3,43,0,MSFQYIIHLANYSDGVLYVLALLFLIELAVIFDRAWFMRSALRKGKTIIHKLSEVGKLTSEQLEELMQEAKGQPEEQIITAAYRHMDLVHHYGSARGEAFDNRLDEAIFLTTPFLDKRLWILDTTVTLAPLLGLFGTILGMFHAFSILATPGHAPTQVTGGVADALIATASGLFIAMVGLITFNAFNNAIDKTIQQLESIKLLLINRLDGAPNKI*
iron_aquisition-siderophore_transport,Acidithiobacillus_ferrooxidans.txt,643348633_2767,ExbD-family,96.0,32.7,43,0,MIPRRRSSKKGRVEIIPMIDVMLFLLVFFIMITLQMITDKGIKLQLPTSSTAKELPHPHFVINIEKSGKVIVKGKQMTLDELQGFLSADGDVEHTQVTIAADKVVPFQQFVHVMDTCQKAGVTQIGIATKAT*
##########################################################################################################################################################################################################
iron_oxidation,Acidithiobacillus_ferrooxidans.txt,643348633_2904,Cyc1,238.9,98,44,2,MTTYLSQDRLRNKENDTMTHPHSKMYKSKTFLLFSALLLVAGQASAAVGSADAPAPYRVSSDCMVCHGMTGRDTLYPIVPRLAGQHKSYLEAQLKAYKDHSRADQNGEIYMWPVAQALDSAKITALADYFNAQKPPMQSSGIKHAGVKEGKAIFNQGVTNEQIPACMECHGSAGQGAGPFPRLAGQRYGYIIQQLTYFHNGTRVNTLMNQIAKNITVAQMKDVAAYLSSL*
iron_oxidation,Acidithiobacillus_ferrooxidans.txt,643348633_2905,Cyc2_repCluster2,352.6,27.8,44,1,MVSSSVGFKKKRLIVALAAVGGMALSSGAWALPSFARQTGWSCAACHTSYPQLTPMGRMFKLLGFTTTNLQRQQKLQAKFGNSVGLLISRVSQFSIFLQASATNVGGGQAVFGPGNSNAGASPNNNVQFPQQVSLFYAGEITPHIGSFLHLTYSGGGSGAGAGGFSFDDSSIVWTHPWKLGTNNLLVTGVDVNNTPTAMDLWNTTPDWQAPFFSSDYSSWGHVPQPFIESSAGAGYPLAGVGVYGADIFGPNRANWLYADADVYTNGQGTQVNPVGGFTAAGPQGRLSGGAPYVRLAYQHDWGDWNWEVGTFGMWSSVYDNTINNTLNKAGGPIDTFDDYDLDTQLQWLDTNDNNNVTIRAAWVNEQQQFGAGNVISSNSSGNLNFFNINATYWYHDHYGIQGGYRNVWGSANPGLYGTTYTNSGSPDTSNEWIEASYLPWWNTRFSLRYVVYNKFNGVGSASSNNLGYGASAYNTLELLAWISY*
##########################################################################################################################################################################################################
iron_aquisition-siderophore_transport,Acidithiobacillus_ferrooxidans.txt,643348633_2978,PirA-family-siderophore-receptor,84.8,75.3,46,0,MIDFHHRPLLLALASVGMIALMPQAYAQGDNGETAIQVGQVSQKAKAIANKKNVPLKATYSEHVISAKAVRRASPMQNAQTILATKPSINAYSTGPNGVRSTITFRAFNSGQFSETFDGIPLNDMFNGGATNQASNRNAIPLTLNDISGINIYNGINNPSVNSYNSLGGTINYQPRKPSKTMGGSVGAGYGSFGTFQWNASFNTGSIDGFRSLFAYNRQTSNGWLQNSGNQNTNYYYAGILPYDHGMSRMSAYVIVNRNVGYTPHSVPQALISQYGYSYQWPLNYSTTSNTDTELTAILGDKSVINRHVILGAKVYVQNNNYHRTSYANPAFDQSATQPYYLPNQSTGYPFWLSYPVPPTYDPSAIFGSTHYGTNYHLYEDISNGLGFSPKAQFLLPHNRVTLGGNVSYGMLHSAEYWYGSYAMPKVSQFNSAWDEHDTRLLSSVYIQDNISLLGGKVHITPGIKYLYAYTTSSDNIGFYYPIGGTVANSQAFTSPTIGISYVPLHGLSFYGSWGRNIKFPNIGAYYGNIAEQNNAGQYVVVPVTVQPEYVTDYELGMRYRHRGFVGSLNAYREQFQNTFLTNTNASGVSNTYNGGSSRYEGAELALEQRLGHFLLGHWTAFANYSYNQAVFTSSFNSSYAGNVLAGQPLANVPKNMFNVGLDWGYHHLHAHIDGKYISSQYINQQFAGTPTSQTIPPYFLLNLGVEDTIPVHADYVKNVKLALNIDNLLNRRYFPKGSSNTDYYGNTYLSVLEGMPRFVFGSVTVKF*
iron_aquisition-siderophore_transport,Acidithiobacillus_ferrooxidans.txt,643348633_2983,FpvD-family-siderophore-transport,79.9,40,46,0,MNPAFLELRALHKRYGGREVLRGVDLAVAAGECFALVGPNGAGKSTTVRAIQGLTPTDGGEVRIDGRTLAEMGRTARTGMGVVPQTDNLDPDFTVQENLWTYGRYFGLPKALIRQRSAELLEFMALSGYATQPIHALSGGMQRRLTIARALINAPKLLLLDEPTTGLDPQARHLIWQRLRELRRQGTTLLLTTHYMDEAERLADRVGIIDHGRILAEDSPRGLIATHIPGGVVELRRVDGDLPDPQDLHRQWVSFSERVGDTLICYGTNLTPLLTHFGDDPAYRWIQRPASLEDVFLRLTGRDLREETE*
##########################################################################################################################################################################################################
